<?xml version="1.0" encoding="UTF-8"?>
<beans:beans xmlns="http://www.springframework.org/schema/mvc"
	xmlns:xsi="http://www.w3.org/2001/XMLSchema-instance"
	xmlns:beans="http://www.springframework.org/schema/beans"
	xmlns:context="http://www.springframework.org/schema/context"
	xsi:schemaLocation="http://www.springframework.org/schema/mvc https://www.springframework.org/schema/mvc/spring-mvc.xsd
		http://www.springframework.org/schema/beans https://www.springframework.org/schema/beans/spring-beans.xsd
		http://www.springframework.org/schema/context https://www.springframework.org/schema/context/spring-context.xsd">

	<!-- DispatcherServlet Context: defines this servlet's request-processing infrastructure -->
	
	<!-- Enables the Spring MVC @Controller programming model -->
	<annotation-driven />

	<!-- Handles HTTP GET requests for /resources/** by efficiently serving up static resources in the ${webappRoot}/resources directory -->
	<resources mapping="/resources/**" location="/resources/" />
	<resources mapping="/images/**" location="/resources/" />

	<!-- Resolves views selected for rendering by @Controllers to .jsp resources in the /WEB-INF/views directory -->
	<beans:bean class="org.springframework.web.servlet.view.InternalResourceViewResolver">
		<beans:property name="prefix" value="/WEB-INF/views/" />
		<beans:property name="suffix" value=".jsp" />
	</beans:bean>
	
	<context:component-scan base-package="com.kosmo.jdbctemplate" />
	<!-- 기본패키지를 추가 
	기존버전에서는 springboard패키지 하위의 컨트롤러만 scan의 대상이었으나
	Auto버전에서는 해당 패키지 하위의 모든 클래스를 scan대상으로 범위를 확대한다.
	-->
    <context:component-scan base-package="springboard.controller" />
    <context:component-scan base-package="springboard.model" />
    <context:component-scan base-package="springboard.command" />

    <!--  SPRING JDBC를 사용하기 위한 빈 생성 -->    
    <beans:bean name="dataSource" 
        class="org.springframework.jdbc.datasource.DriverManagerDataSource">
        <beans:property name="driverClassName" value="oracle.jdbc.OracleDriver" />
        <beans:property name="url" value="jdbc:oracle:thin:@localhost:1521:xe" />
        <beans:property name="username" value="kosmo" />
        <beans:property name="password" value="1234" />
    </beans:bean>
    <beans:bean name="template" 
        class="org.springframework.jdbc.core.JdbcTemplate">
        <beans:property name="dataSource" ref="dataSource" />
    </beans:bean>

	
	
</beans:beans>
