<?xml version="1.0" encoding="UTF-8"?>
<beans:beans xmlns="http://www.springframework.org/schema/mvc"
   xmlns:xsi="http://www.w3.org/2001/XMLSchema-instance"
   xmlns:beans="http://www.springframework.org/schema/beans"
   xmlns:context="http://www.springframework.org/schema/context"
   xmlns:jdbc="http://www.springframework.org/schema/jdbc"
   xmlns:mybatis-spring="http://mybatis.org/schema/mybatis-spring"
   xsi:schemaLocation="http://www.springframework.org/schema/jdbc http://www.springframework.org/schema/jdbc/spring-jdbc-4.3.xsd
      http://www.springframework.org/schema/mvc https://www.springframework.org/schema/mvc/spring-mvc.xsd
      http://mybatis.org/schema/mybatis-spring http://mybatis.org/schema/mybatis-spring-1.2.xsd
      http://www.springframework.org/schema/beans https://www.springframework.org/schema/beans/spring-beans.xsd
      http://www.springframework.org/schema/context https://www.springframework.org/schema/context/spring-context.xsd">

   <!-- DispatcherServlet Context: defines this servlet's request-processing infrastructure -->
   
   <!-- Enables the Spring MVC @Controller programming model -->
   <annotation-driven />

   <!-- Handles HTTP GET requests for /resources/** by efficiently serving up static resources in the ${webappRoot}/resources directory -->
   <resources mapping="/**" location="/resources/" />

   <!-- Resolves views selected for rendering by @Controllers to .jsp resources in the /WEB-INF/views directory -->
   <beans:bean class="org.springframework.web.servlet.view.InternalResourceViewResolver">
      <beans:property name="prefix" value="/WEB-INF/views/" />
      <beans:property name="suffix" value=".jsp" />
   </beans:bean>
   
   <context:component-scan base-package="com.kosmo.projecttemplate" />

   
   <!--  데이터 근원지에 대한 설정으로 DB연결정보를 가진다. -->   
   <beans:bean name="dataSource" 
      class="org.springframework.jdbc.datasource.DriverManagerDataSource">
      <beans:property name="driverClassName" value="org.mariadb.jdbc.Driver" />
      <beans:property name="url" value="jdbc:mariadb://127.0.0.1:3306/freep_db" />
      <beans:property name="username" value="FreeP" />
      <beans:property name="password" value="1234" />
   </beans:bean>
   
   <beans:bean id="sqlSessionFactory" class="org.mybatis.spring.SqlSessionFactoryBean">
      <!-- 데이터 근원지에 대한 빈 -->
      <beans:property name="dataSource" ref="dataSource" />
      <!-- Mybatis에서 사용할 Mapper(매퍼) 파일의 경로 설정 -->
      <beans:property name="mapperLocations" value="classpath:mappers/*.xml" />
   </beans:bean>
   <!-- 생성자를 통해 빈 생성. 우리가 최종적으로 사용할 Mybatis 빈 -->
   <beans:bean id="sqlSession" class="org.mybatis.spring.SqlSessionTemplate" destroy-method="clearCache">
      <beans:constructor-arg index="0"  name="sqlSessionFactory" ref="sqlSessionFactory"/>
   </beans:bean>
   
</beans:beans>
